,0,1
0,Sold by,eBay5 more offersHide offers
1,Sold by,truegether.com/user/433433.html
2,Sold by,Walmart - Redi-Fest
3,Sold by,Bonanza - Xperts-Bonanza Mall
4,Sold by,eCrater - xpertsedge
5,Sold by,Zabiva.com
6,Sold by,myBitti.com
7,Details & special offers,$5.84 delivery
8,Details & special offers,Free delivery
9,Details & special offers,Free delivery
10,Details & special offers,Free delivery
11,Details & special offers,Free delivery
12,Details & special offers,Free deliveryApply SAVE22
13,Details & special offers,"Free delivery by Tue, May 17"
14,Item price,LOW PRICE$14.00
15,Item price,$19.59
16,Item price,$24.99
17,Item price,$19.99
18,Item price,$19.99
19,Item price,5% OFF$20.56
20,Item price,$23.49
21,Total price,$21.03
22,Total price,$19.59
23,Total price,$26.49
24,Total price,$21.19
25,Total price,$19.99
26,Total price,$21.79
27,Total price,$24.90
