,Sold by,Details & special offers,Item price,Total price,
0,"PC Fallon Co.Trusted storeWhat makes this a trusted store?This store offers a combination of fast shipping, on-time deliveries, and easy returns, among other services.·4.9/54.9 out of 5 stars store rating(1.6K)","Delivery by Wed, May 25Spend $89 for free delivery",LOW PRICE$18.99,$25.94,Visit site
1,Walmart - Euro Pharm,Free delivery,$21.99,$23.31,Visit site
2,eBay - pharmacy1231,"Free delivery by Wed, May 18",$20.00,$21.20,Visit site
3,"PC Fallon Co.Trusted storeWhat makes this a trusted store?This store offers a combination of fast shipping, on-time deliveries, and easy returns, among other services.·4.9/54.9 out of 5 stars store rating(1.6K)","Delivery by Wed, May 25Spend $89 for free delivery",LOW PRICE$18.99,$25.94,Visit site
4,myBitti.com,"Free delivery by Tue, May 17",$22.99,$24.37,Visit site
5,Walmart - TWS E-COMMERCE LLC,Free delivery,$35.28,$37.40,Visit site
6,eBay - 433433,"Free delivery by Wed, May 18",$28.99,$30.73,Visit site
7,truegether.com/user/433433.html,Free delivery,$28.41,$28.41,Visit site
8,Bonanza - Xperts-Bonanza Mall,Free delivery,$28.99,$30.73,Visit site
9,Vitabath4.9/54.9 out of 5 stars store rating(392 store reviews),Spend $65 for free delivery,$9.25,$19.20,Visit site
10,eBay - 433433,"Free delivery by Wed, May 18",$21.99,$23.31,Visit site
11,truegether.com/user/433433.html,Free delivery,$21.55,$21.55,Visit site
12,Bonanza - Xperts-Bonanza Mall,Free delivery,$21.99,$23.31,Visit site
13,eCrater - xpertsedge,Free delivery,$21.99,$21.99,Visit site
14,eBay5 more offersHide offers,$5.84 delivery,LOW PRICE$14.00,$21.03,Visit site
15,truegether.com/user/433433.html,Free delivery,$19.59,$19.59,Visit site
16,Walmart - Redi-Fest,Free delivery,$24.99,$26.49,Visit site
17,Bonanza - Xperts-Bonanza Mall,Free delivery,$19.99,$21.19,Visit site
18,eCrater - xpertsedge,Free delivery,$19.99,$19.99,Visit site
19,Zabiva.com,Free deliveryApply SAVE22,5% OFF$20.56,$21.79,Visit site
20,myBitti.com,"Free delivery by Tue, May 17",$23.49,$24.90,Visit site
21,"PC Fallon Co.Trusted storeWhat makes this a trusted store?This store offers a combination of fast shipping, on-time deliveries, and easy returns, among other services.·4.9/54.9 out of 5 stars store rating(1.6K)","Free delivery by Wed, May 25",$89.00,$89.00,Visit site
22,eBay - 433433,"Free delivery by Wed, May 18",$95.99,$101.75,Visit site
